0,0,30,30,0.2
0.0,0.0,27.192,28.548000000000002,8.998
0.0,0.0,32.302355712,29.077988928000003,0
0.0,0.0,29.0721201408,27.624089481600002,10.0
0.0,0.0,35.467986571776,28.568654618784002,0
0.0,0.0,31.921187914598402,27.140221887844802,10.0
0.0,0.0,38.94384925581005,28.336905826620434,0
0.0,0.0095,35.04946433022904,26.920060535289412,10.0
0.0,0.009025,42.760346482879434,28.378014654943264,0
0.0,0.00857375,38.484311834591495,26.959113922196103,10.0
0.0,0.0081450625,46.95086043820163,28.68990317285362,0
0.0,0.007737809375,42.25577439438147,27.25540801421094,10.0
0.0,0.00735091890625,51.552044761145396,29.27309956505091,0
0.0,0.0069833729609375,46.396840285030855,27.809444586798364,10.0
0.0,0.006634204312890625,56.60414514773764,30.130719580260916,0
0.0,0.006302494097246094,50.94373063296388,28.62418360124787,10.0
0.0,0.005987369392383789,62.151351372215935,31.26847287182259,0
0.0,0.0056880009227645995,55.93621623499434,29.70504922823146,10.0
0.0,0.005403600876626369,68.2421838066931,32.70419406561943,0
0.0,0.01463342083279505,61.4179654260238,31.068984362338462,10.0
0.0,0.013901749791155297,74.92991781974904,34.42897237830344,0
0.0,0.013206662301597533,67.43692603777413,32.71702375938827,10.0
0.0,0.012546329186517656,82.27304976608444,36.47612665444079,0
0.0,0.011919012727191773,74.045744789476,34.65232032171875,10.0
0.0,0.011323062090832184,90.33580864316073,38.84336388879089,0
0.0,0.010756908986290574,81.30222777884465,36.901195694351344,10.0
0.0,0.010219063536976046,99.18871789019047,41.56031413194135,0
0,0,0,0,0.2
0.0,0.0,0.0,0.0,10.197999999999999
0.0,0.0095,0.0,0.0,20.09602
0.0,0.009025,0.0,0.0,29.8950598
0.0,0.00857375,0.0,0.0,39.596109202
0.0,0.0081450625,0.0,0.0,49.20014810998
0.0,0.007737809375,0.0,0.0,58.7081466288802
0.0,0.00735091890625,0.0,0.0,68.12106516259139
0.0,0.0164833729609375,0.0,0.0,77.43985451096547
0.0,0.015659204312890626,0.0,0.0,86.66545596585581
0.0,0.014876244097246095,0.0,0.0,95.79880140619726
0.0,0.014132431892383791,0.0,0.0,104.84081339213529
0.0,0.013425810297764601,0.0,0.0,113.79240525821393
0.0,0.01275451978287637,0.0,0.0095,122.6544812056318
0.0,0.012116793793732553,0.0,0.009025,131.42793639357546
0.0,0.011510954104045925,0.0,0.00857375,140.1136570296397
0,0,0,0,0.2
0.0,0.0,0.0,0.0,10.197999999999999
0,0,0,0,0.2
0,0,0,0,0.2
0.0,0.0,0.0,0.0,10.197999999999999
0.0,0.0,0.0,0.0,20.09602
0.0,0.0,0.0,0.0,29.8950598
0.0,0.019,0.0,0.0,39.596109202
0.0,0.01805,0.0,0.0,49.20014810998
0.0,0.0171475,0.0,0.0095,58.7081466288802
0.0,0.016290125,0.0,0.009025,68.12106516259139
0.025349055639021935,0.03587498917601462,0.0,0.00857375,77.30361238064029
0.06984391578714141,0.06543441685856166,0.0,0.0081450625,86.13866154256704
0.2072497983555344,0.15842287878037165,0.0,0.007737809375,94.07402264258214
0.65444855187604,0.4624508904120591,0.0,0.01685091890625,99.23391797152249
2.1476475506112034,1.4784242485066348,0.0,0.0255083729609375,95.25288000911753
6.842553542115942,4.677616867125209,0.0,0.024232954312890624,63.38642832097753
16.567698899019142,11.39283649784548,0.0,0.02302130659724609,0
14.910929009117227,10.823194672953205,0.0,0.021870241267383787,10.0
16.99845907039364,12.667783580764302,0.0,0.020776729204014598,0
15.298613163354275,12.043894401726087,0.0,0.019737892743813868,10.0
17.440419006223873,13.889477787776467,0.0,0.018750998106623173,0
15.696377105601485,13.195003898387643,0.0,0.017813448201292013,10.0
17.893869900385695,15.046674040364499,0.0,0.01692277579122741,0
16.104482910347127,14.294340338346274,0.0,0.02557663700166604,10.0
18.359110517795724,16.1563405870845,0.0,0.024297805151582738,0
16.523199466016152,15.348523557730275,0.0,0.032582914894003605,10.0
18.836447391258414,17.224809294406345,0.0,0.030953769149303423,0
16.952802652132572,16.363568829686027,0.0,0.02940608069183825,10.0
19.326195023431133,18.26733881254294,0.0,0.02793577665724634,0
17.39357552108802,17.353971871915792,0.0,0.026538987824384023,10.0
19.828676094040343,19.269245361694086,0.0,0.025212038433164823,0
17.845808484636308,18.30578309360938,0.0,0.02395143651150658,10.0
20.344221672485393,20.255323296470724,0.0,0.02275386468593125,0
18.309799505236853,19.24255713164719,0.0,0.021616171451634688,10.0
20.873171435970015,21.209997195902726,0.0,0.020535362879052953,0
18.785854292373013,20.14949733610759,0.0,0.019508594735100304,10.0
21.415873893305235,22.147759156081893,0.0,0.01853316499834529,0
19.27428650397471,21.0403711982778,0.0,0.017606506748428025,10.0
21.97268661453117,23.072238478999864,0.0,0.016726181411006624,0
19.775417953078055,21.918626555049872,0.0,0.025389872340456296,10.0
22.543976466508983,23.986762099789868,0.0,0.02412037872343348,0
20.289578819858086,22.787423994800374,0.0,0.022914359787261807,10.0
23.13011985463822,24.89438540623765,0.0,0.021768641797898718,0
20.8171078691744,23.649666135925766,0.0,0.020680209708003782,10.0
23.731502970858816,25.797920088197383,0.0,0.01964619922260359,0
21.358352673772934,24.508024083787515,0.0,0.018663889261473412,10.0
24.348522048101145,26.70945930740181,0.0,0.01773069479839974,0
21.913669843291032,25.37398634203172,0.0,0.016844160058479753,10.0
24.981583621351778,27.6114741998567,0.0,0.016001952055555765,0
22.4834252592166,26.240400489863866,0.0,0.015201854452777976,10.0
25.631104795506925,28.52572850684533,0.0,0.014441761730139077,0
23.067994315956234,27.099442081503064,0.0,0.013719673643632123,10.0
26.29751352019011,29.43534906798091,0.0,0.013033689961450518,0
23.667762168171098,27.973081614581865,0.0,0.012382005463377992,10.0
26.981248871715053,30.36126948076015,0.0,0.011762905190209092,0
24.283123984543547,28.84320600672214,0.0,0.011174759930698637,10.0
0,0,0,0,0.2
0.0,0.0,0.0,0.0,10.197999999999999
0.0,0.0,0.0,0.0,20.09602
0.0,0.0,0.0,0.0,29.8950598
0.0,0.0,0.0,0.0,39.596109202
0.0,0.0,0.0,0.0,49.20014810998
0.0,0.0,0.0,0.0,58.7081466288802
0.0,0.0,0.0,0.0,68.12106516259139
0.0,0.0,0.0,0.0,77.43985451096547
0.0,0.0,0.0,0.0,86.66545596585581
0.0,0.0,0.0,0.0,95.79880140619726
0.0,0.0095,0.0,0.0,104.84081339213529
0.0,0.009025,0.0,0.0,113.79240525821393
0.0,0.00857375,0.0,0.0,122.6544812056318
0.0,0.0081450625,0.0,0.0,131.42793639357546
0.0,0.007737809375,0.0,0.0,140.1136570296397
0.0,0.00735091890625,0.0,0.0,148.71252045934332
0,0,0,0,0.2
0.0,0.0095,0.0,0.0,10.197999999999999
0.0,0.009025,0.0,0.0,20.09602
0.0,0.00857375,0.0,0.0,29.8950598
0.0,0.0081450625,0.0,0.0,39.596109202
0.0,0.007737809375,0.0,0.0,49.20014810998
0.0,0.00735091890625,0.0,0.0,58.7081466288802
0.0,0.0069833729609375,0.0,0.0,68.12106516259139
0.0,0.006634204312890625,0.0,0.0,77.43985451096547
0.0,0.006302494097246094,0.033780753443508955,0.0061951883608772395,86.51057625683389
0.0,0.005987369392383789,0.12391923639637362,0.029264568517137265,95.06099200490794
0.0,0.0056880009227645995,0.4884836500472953,0.15054042441392018,101.75440497679287
0.0,0.005403600876626369,2.0302069058891083,0.5406563084048599,100.79578829673405
0.0,0.0051334208327950505,8.37554799080631,2.1602139368611453,68.8605693168535
0.0,0.004876749791155298,25.993833287327316,6.666163263918497,0
0.0,0.004632912301597533,23.394449958594585,6.332855100722572,10.0
0,0,0,0,0.2
0.0,0.0,0.0,0.0095,10.197999999999999
0.0,0.0,0.0,0.009025,20.09602
0.0,0.0,0.0,0.00857375,29.8950598
0.0,0.0,0.0,0.0081450625,39.596109202
0.0,0.0,0.0,0.017237809375,49.20014810998
0.0,0.0,0.0,0.01637591890625,58.7081466288802
0.0,0.0,0.0,0.0155571229609375,68.12106516259139
0.0,0.0,0.0,0.014779266812890624,77.43985451096547
0.0,0.0,0.0,0.014040303472246093,86.66545596585581
0.0,0.0,0.0,0.013338288298633788,95.79880140619726
0.0,0.0,0.0,0.012671373883702099,104.84081339213529
0.0,0.0,0.0,0.012037805189516994,113.79240525821393
0.0,0.0,0.0,0.011435914930041145,122.6544812056318
0.0,0.0,0.0,0.010864119183539087,131.42793639357546
0.0,0.0,0.0,0.010320913224362132,140.1136570296397
0.0,0.0,0.0,0.009804867563144026,148.71252045934332
0.0,0.0,0.0,0.009314624184986825,157.22539525474988
0.0,0.0,0.0,0.018348892975737486,165.65314130220239
0.0,0.0,0.0,0.01743144832695061,173.99660988918038
0.0,0.0,0.0,0.01655987591060308,182.25664379028856
0.0,0.0,0.0,0.015731882115072926,190.43407735238569
0.0,0.0,0.0,0.014945288009319279,198.52973657886184
0.0,0.0,0.0,0.014198023608853316,206.54443921307322
0.0,0.0,0.0,0.013488122428410649,214.4789948209425
0.0,0.0,0.0,0.012813716306990117,222.33420487273307
0.0,0.0,0.0,0.012173030491640612,230.11086282400575
0.0,0.0,0.0,0.011564378967058581,237.8097541957657
0.0,0.0,0.0,0.010986160018705652,245.43165665380803
0.0,0.0,0.0,0.010436852017770368,252.97734008726997
0.0,0.0,0.0,0.009915009416881851,260.4475666863973
0.0,0.0095,0.0,0.02841925894603776,267.84309101953335
0.0,0.009025,0.0,0.03649829599873587,275.164660109338
0.0,0.00857375,0.0,0.04417338119879908,282.4130135082446
0.0,0.0081450625,0.0,0.04196471213885913,289.58888337316216
0.0,0.007737809375,0.0,0.03986647653191617,296.6929945394305
0.0,0.00735091890625,0.0,0.03787315270532036,303.7260645940362
0.0,0.0069833729609375,0.0,0.03597949507005434,310.6888039480958
0.0,0.006634204312890625,0.0,0.043680520316551626,317.58191590861486
0,0,0,0,0.2
0.0,0.0,0.0,0.0,10.197999999999999
0.0,0.0,0.0,0.0,20.09602
0.0,0.0,0.0,0.0,29.8950598
0.0,0.0,0.0,0.0095,39.596109202
0.0,0.0,0.0,0.009025,49.20014810998
0.0,0.0,0.0,0.00857375,58.7081466288802
0.0,0.0,0.0,0.0081450625,68.12106516259139
0.0,0.0,0.0,0.017237809375,77.43985451096547
0.0,0.0,0.0,0.01637591890625,86.66545596585581
0.0,0.0,0.03673294590907387,0.03199035943820597,95.62547049426554
0.0,0.0,0.14546301884442556,0.06799168334786045,103.96669474228376
0.0,0.0,0.614862613807646,0.18557857339238315,109.90236593956303
0.0,0.0,2.715771743954694,0.7263984926047171,105.28837108311856
0.0,0.0,11.594248430504823,2.977592033210881,57.047650741377396
0.0,0.0,31.627667158002062,8.134173324187266,0
0.0,0.0,28.464900442201856,7.727464657977903,10.0
0.0,0.0,34.72717853948627,9.618283460455157,0
0.0,0.0,31.25446068553764,9.1373692874324,10.0
0.0,0.0,38.13044203635592,11.180857677903791,0
0.0,0.0,34.31739783272033,10.621814794008602,10.0
0.0,0.0,41.867225355918805,12.8361158809258,0
0.0,0.0,37.68050282032692,12.19431008687951,10.0
0.0,0.0,45.970213440798844,14.599034808161688,0
0.0,0.0,41.37319209671896,13.869083067753603,10.0
0.0,0.0,50.47529435799713,16.485484282103442,0
0.0,0.0,45.42776492219741,15.670710067998272,10.0
0.0,0.0,55.42187320508084,18.52139575837415,0
0.0,0.0,49.87968588457276,17.595325970455445,10.0
0.0,0.0,60.853216779178766,20.715434542698496,0
0.0,0.0,54.76789510126089,19.67966281556357,10.0
0.0,0.0,66.8168320235383,23.077111282886264,0
0.0,0.0,60.135148821184465,21.923255718741952,10.0
0.0,0.0,73.36488156184505,25.647404838499614,0
0.0,0.0,66.02839340566055,24.374534596574634,10.0
0.0,0.0,80.55463995490588,28.438079339198747,0
0.0,0.0,72.4991759594153,27.01617537223881,10.0
0.0,0.0,88.44899467048667,31.465300680380093,0
0.0,0.0,79.61309520343801,29.892035646361087,10.0
0.0,0.0,97.12797614819438,34.76648148031808,0
0.0,0.0,87.41517853337494,33.03765740630217,10.0
0.0,0.0095,106.64651781071744,38.378988818657064,0
0.0,0.009025,95.9818660296457,36.479039377724206,10.0
0,0,0,0,0.2
0.0,0.0095,0.0,0.0,10.197999999999999
0.0,0.009025,0.0,0.0,20.09602
0,0,0,0,0.2
0.0,0.0,0.0,0.0,10.197999999999999
0.0,0.0,0.0,0.0,20.09602
0.0,0.0,0.0,0.0,29.8950598
0.0,0.0,0.0,0.0,39.596109202
0.0,0.0,0.0,0.0,49.20014810998
0.0,0.0,0.0,0.0095,58.7081466288802
0.0,0.0,0.0,0.009025,68.12106516259139
0.0,0.0,0.0,0.00857375,77.43985451096547
0.0,0.0,0.0,0.0081450625,86.66545596585581
0,0,0,0,0.2
0.0,0.0,0.0,0.0,10.197999999999999
0.0,0.0,0.0,0.0,20.09602
0.0,0.0,0.0,0.0095,29.8950598
0.0,0.0,0.0,0.009025,39.596109202
0.0,0.0,0.0,0.00857375,49.20014810998
0.0,0.0,0.0,0.0081450625,58.7081466288802
0.0,0.0,0.0,0.007737809375,68.12106516259139
0.0,0.0,0.0,0.02635091890625,77.43985451096547
0.0,0.0,0.0,0.0345333729609375,86.66545596585581
0.0,0.0,0.0,0.03280670431289063,95.79880140619726
0.0,0.0,0.0,0.0311663690972461,104.84081339213529
0.0,0.0,0.0,0.029608050642383796,113.79240525821393
0.0,0.0,0.0,0.028127648110264605,122.6544812056318
0.0,0.0,0.0,0.026721265704751373,131.42793639357546
0.0,0.0,0.0,0.025385202419513805,140.1136570296397
0.0,0.0,0.0,0.024115942298538116,148.71252045934332
0.0,0.0,0.0,0.02291014518361121,157.22539525474988
0.0,0.0,0.0,0.03126463792443065,165.65314130220239
0.0,0.0,0.0,0.029701406028209115,173.99660988918038
0.0,0.0,0.0,0.03771633572679866,182.25664379028856
0.0,0.0,0.0,0.035830518940458723,190.43407735238569
0.0,0.0,0.0,0.03403899299343579,198.52973657886184
0,0,0,0,0.2
0.0,0.0,0.0,0.0,10.197999999999999
0.0,0.0,0.0,0.0,20.09602
0.0,0.0,0.0,0.0095,29.8950598
0.0,0.0,0.0,0.009025,39.596109202
0.0,0.0,0.0,0.00857375,49.20014810998
0.0,0.0,0.0,0.0081450625,58.7081466288802
0.0,0.0,0.0,0.017237809375,68.12106516259139
0.0,0.0,0.0,0.01637591890625,77.43985451096547
0.0,0.0,0.0,0.0155571229609375,86.66545596585581
0.0,0.0,0.0,0.014779266812890624,95.79880140619726
0.0,0.0,0.0,0.014040303472246093,104.84081339213529
0.0,0.0,0.0,0.03233828829863379,113.79240525821393
0.0,0.0,0.0,0.049721373883702104,122.6544812056318
0.0,0.0,0.0,0.047235305189517,131.42793639357546
0.0,0.0,0.0,0.044873539930041145,140.1136570296397
0.0,0.0,0.0,0.04262986293353909,148.71252045934332
0.0,0.0,0.0,0.04049836978686214,157.22539525474988
0.0,0.0,0.0,0.03847345129751903,165.65314130220239
0.0,0.0,0.0,0.036549778732643076,173.99660988918038
0.0,0.0,0.0,0.03472228979601092,182.25664379028856
0.0,0.0,0.0,0.032986175306210376,190.43407735238569
0.0,0.0,0.0,0.03133686654089986,198.52973657886184
0.0,0.0,0.0,0.029770023213854864,206.54443921307322
0.0,0.0,0.0,0.037781522053162125,214.4789948209425
0.0,0.0,0.0,0.03589244595050402,222.33420487273307
0.0,0.0,0.0,0.034097823652978816,230.11086282400575
0.0,0.0,0.0,0.04189293247032988,237.8097541957657
0.0,0.0,0.0,0.039798285846813386,245.43165665380803
0.0,0.0,0.0,0.03780837155447272,252.97734008726997
0.0,0.0,0.0,0.04541795297674908,260.4475666863973
0.0,0.0,0.0,0.043147055327911625,267.84309101953335
0.0,0.0,0.0,0.050489702561516046,275.164660109338
0.0,0.0,0.0,0.047965217433440246,282.4130135082446
0.0,0.0,0.0,0.045566956561768235,289.58888337316216
0.0,0.0,0.0,0.043288608733679824,296.6929945394305
0.0,0.0,0.0,0.041124178296995835,303.7260645940362
0.0,0.0,0.0,0.039067969382146045,310.6888039480958
0.0,0.0,0.0,0.04661457091303874,317.58191590861486
0.0,0.0,0.0,0.044283842367386805,324.40609674952873
0.0,0.0,0.0,0.042069650249017466,331.16203578203346
0.0,0.0,0.0,0.0589661677365666,337.8504154242131
0.0,0.0,0.0,0.06551785934973826,344.471911269971
0,0,0,0,0.2
0.0,0.0,0.0,0.0,10.197999999999999
0.0,0.0,0.0,0.0,20.09602
0.0,0.0,0.0,0.0,29.8950598
0.0,0.0,0.0,0.0,39.596109202
0.0,0.0,0.0,0.0,49.20014810998
0.0,0.0,0.0,0.0,58.7081466288802
0.0,0.0095,0.0,0.0,68.12106516259139
0.0,0.009025,0.0,0.0,77.43985451096547
0.0,0.00857375,0.0,0.0,86.66545596585581
0.0,0.0081450625,0.0,0.0,95.79880140619726
0.0,0.017237809375,0.0,0.0095,104.84081339213529
0.0,0.01637591890625,0.0,0.018525,113.79240525821393
0.0,0.0155571229609375,0.0,0.01759875,122.6544812056318
0.0,0.014779266812890624,0.0,0.026218812499999997,131.42793639357546
0.0,0.014040303472246093,0.0,0.024907871874999998,140.1136570296397
0.0,0.013338288298633788,0.0,0.023662478281249996,148.71252045934332
0.0,0.012671373883702099,0.0,0.022479354367187496,157.22539525474988
0.0,0.012037805189516994,0.0,0.02135538664882812,165.65314130220239
0.0,0.011435914930041145,0.0,0.020287617316386713,173.99660988918038
0.0,0.010864119183539087,0.0,0.019273236450567378,182.25664379028856
0.0,0.019820913224362132,0.0,0.027809574628039006,190.43407735238569
0.0,0.018829867563144025,0.0,0.026419095896637056,198.52973657886184
0.0,0.017888374184986823,0.0,0.025098141101805204,206.54443921307322
0.0,0.016993955475737482,0.0,0.023843234046714942,214.4789948209425
0.0,0.016144257701950607,0.0,0.022651072344379197,222.33420487273307
0.0,0.015337044816853078,0.0,0.021518518727160235,230.11086282400575
0.0,0.014570192576010424,0.0,0.020442592790802225,237.8097541957657
0.0,0.013841682947209904,0.0,0.028920463151262114,245.43165665380803
0.0,0.013149598799849407,0.0,0.03697443999369901,252.97734008726997
0.0,0.012492118859856937,0.0,0.03512571799401406,260.4475666863973
0.0,0.01186751291686409,0.0,0.03336943209431335,267.84309101953335
0.0,0.011274137271020886,0.0,0.03170096048959768,275.164660109338
0.0,0.010710430407469843,0.0,0.030115912465117797,282.4130135082446
0.0,0.010174908887096351,0.0,0.028610116841861908,289.58888337316216
0.0,0.009666163442741533,0.0,0.027179610999768813,296.6929945394305
0.0,0.009182855270604456,0.0,0.025820630449780373,303.7260645940362
0.0,0.008723712507074233,0.0,0.024529598927291354,310.6888039480958
0.0,0.008287526881720521,0.0,0.023303118980926785,317.58191590861486
0.0,0.007873150537634495,0.0,0.022137963031880446,324.40609674952873
0.0,0.0074794930107527705,0.0,0.021031064880286422,331.16203578203346
0.0,0.007105518360215132,0.0,0.029479511636272104,337.8504154242131
0.0,0.006750242442204376,0.0,0.028005536054458498,344.471911269971
0.0,0.015912730320094156,0.0,0.026605259251735573,351.02719215727126
0.0,0.015117093804089448,0.0,0.025274996289148793,357.51692023569854
0.0,0.014361239113884976,0.0,0.024011246474691352,363.9417510333416
0.0,0.013643177158190727,0.0,0.022810684150956783,370.30233352300814
0.0,0.01296101830028119,0.0,0.021670149943408944,376.5993101877781
0.0,0.01231296738526713,0.0,0.030086642446238494,382.8333170859003
0.0,0.011697319016003774,0.0,0.038082310323926574,389.0049839150413
0.0,0.011112453065203585,0.0,0.04567819480773025,395.11493407589086
0.0,0.010556830411943406,0.0,0.05289428506734374,401.16378473513197
0.0,0.010028988891346236,0.0,0.05024957081397655,407.15214688778065
0.0,0.009527539446778924,0.0,0.05723709227327773,413.08062541890286
0.0,0.009051162474439978,0.0,0.05437523765961384,418.9498191647138
0.0,0.00859860435071798,0.0,0.051656475776633154,424.76032097306665
0.0,0.00816867413318208,0.0,0.049073651987801496,430.512717763336
0.0,0.017260240426522976,0.0,0.04661996938841142,436.20759058570263
0.0,0.016397228405196827,0.0,0.044288970918990846,441.8455146798456
0.0,0.025077366984936986,0.0,0.051574522373041304,447.42705953304716
0.0,0.023823498635690138,0.0,0.05849579625438924,452.95278893771666
0.0,0.02263232370390563,0.0,0.055571006441669776,458.4232610483395
0.0,0.02150070751871035,0.0,0.05279245611958629,463.8390284378561
0.0,0.020425672142774833,0.0,0.050152833313606975,469.20063815347754
0.0,0.019404388535636093,0.0,0.047645191647926625,474.50863177194276
0,0,0,0,0.2
0.0,0.0,0.0,0.0,10.197999999999999
0.0,0.0,0.0,0.0,20.09602
0.0,0.0,0.0,0.0,29.8950598
0.0,0.0,0.0,0.0,39.596109202
0.0,0.0,0.0,0.0,49.20014810998
0.0,0.0,0.0,0.0,58.7081466288802
0.0,0.0,0.0,0.0,68.12106516259139
0.0,0.0,0.0,0.0095,77.43985451096547
0.0,0.0,0.0,0.009025,86.66545596585581
0.0,0.0,0.0,0.00857375,95.79880140619726
0.0,0.0095,0.0,0.0081450625,104.84081339213529
0.0,0.009025,0.0,0.007737809375,113.79240525821393
0.0,0.00857375,0.0,0.00735091890625,122.6544812056318
0.0,0.0081450625,0.0,0.0069833729609375,131.42793639357546
0.0,0.007737809375,0.0,0.006634204312890625,140.1136570296397
0.0,0.00735091890625,0.0,0.006302494097246094,148.71252045934332
0.0,0.0069833729609375,0.0,0.005987369392383789,157.22539525474988
0.0,0.006634204312890625,0.0,0.0056880009227645995,165.65314130220239
0.0,0.006302494097246094,0.0,0.005403600876626369,173.99660988918038
0.0,0.005987369392383789,0.0,0.0051334208327950505,182.25664379028856
0.0,0.0056880009227645995,0.0,0.004876749791155298,190.43407735238569
0.0,0.005403600876626369,0.0,0.004632912301597533,198.52973657886184
0.0,0.0051334208327950505,0.0,0.013901266686517656,206.54443921307322
0.0,0.004876749791155298,0.0,0.013206203352191774,214.4789948209425
0.0,0.004632912301597533,0.0,0.012545893184582185,222.33420487273307
0.0,0.004401266686517656,0.0,0.03091859852535308,230.11086282400575
0.0,0.004181203352191774,0.0,0.029372668599085425,237.8097541957657
0.0,0.003972143184582185,0.0,0.037404035169131156,245.43165665380803
0.0,0.0037735360253530756,0.0,0.0355338334106746,252.97734008726997
0.0,0.003584859224085422,0.0,0.04325714174014087,260.4475666863973
0.0,0.0034056162628811506,0.0,0.04109428465313383,267.84309101953335
0.0,0.0032353354497370933,0.0,0.039039570420477135,275.164660109338
0.0,0.0030735686772502386,0.0,0.03708759189945328,282.4130135082446
0.0,0.0029198902433877267,0.0,0.044733212304480616,289.58888337316216
0.0,0.0027738957312183404,0.0,0.051996551689256584,296.6929945394305
0.0,0.0026352009446574233,0.0,0.04939672410479375,303.7260645940362
0.0,0.002503440897424552,0.0,0.056426887899554065,310.6888039480958
0.0,0.0023782688525533246,0.0,0.05360554350457636,317.58191590861486
0.0,0.0022593554099256583,0.0,0.05092526632934754,324.40609674952873
0.0,0.0021463876394293754,0.0,0.04837900301288016,331.16203578203346
0.0,0.0020390682574579068,0.0,0.04596005286223615,337.8504154242131
0.0,0.0019371148445850115,0.0,0.043662050219124345,344.471911269971
0.0,0.001840259102355761,0.0,0.04147894770816813,351.02719215727126
0.0,0.0017482461472379729,0.0,0.048905000322759726,357.51692023569854
0.0,0.0016608338398760743,0.0,0.046459750306621736,363.9417510333416
0.0,0.0015777921478822706,0.0,0.04413676279129065,370.30233352300814
0.0,0.0014989025404881571,0.0,0.04192992465172612,376.5993101877781
0.0,0.0014239574134637493,0.0,0.03983342841913981,382.8333170859003
0.0,0.0013527595427905619,0.0,0.03784175699818282,389.0049839150413
0.0,0.0012851215656510338,0.0,0.035949669148273675,395.11493407589086
0.0,0.0012208654873684822,0.0,0.03415218569085999,401.16378473513197
0.0,0.0011598222130000582,0.0,0.04194457640631699,407.15214688778065
0.0,0.0011018311023500552,0.0,0.03984734758600114,413.08062541890286
0.0,0.0010467395472325525,0.0,0.03785498020670108,418.9498191647138
0.0,0.0009944025698709249,0.0,0.03596223119636603,424.76032097306665
0.0,0.01044468244137738,0.0,0.03416411963654773,430.512717763336
0.0,0.00992244831930851,0.0,0.03245591365472034,436.20759058570263
0.0,0.009426325903343085,0.0,0.04033311797198433,441.8455146798456
0.0,0.008955009608175931,0.0,0.03831646207338511,447.42705953304716
0.0,0.008507259127767135,0.0,0.036400638969715855,452.95278893771666
0.0,0.008081896171378779,0.0,0.034580607021230066,458.4232610483395
0.0,0.00767780136280984,0.0,0.04235157667016856,463.8390284378561
0.0,0.007293911294669348,0.0,0.04973399783666013,469.20063815347754
0.0,0.006929215729935881,0.0,0.04724729794482713,474.50863177194276
0.0,0.006582754943439087,0.0,0.04488493304758577,479.76354545422333
0,0,0,0,0.2
0.0,0.0,0.0,0.0,10.197999999999999
0.0,0.0,0.0,0.0,20.09602
0.0,0.0,0.0,0.0,29.8950598
0.0,0.0,0.0,0.0,39.596109202
0.0,0.0,0.0,0.0095,49.20014810998
0.0,0.0,0.0,0.009025,58.7081466288802
0.0,0.0,0.0,0.00857375,68.12106516259139
0.0,0.0,0.0,0.0081450625,77.43985451096547
0.0,0.0,0.0,0.007737809375,86.66545596585581
0.0,0.0,0.0,0.00735091890625,95.79880140619726
0.0,0.0,0.0,0.0069833729609375,104.84081339213529
0.0,0.0,0.0,0.006634204312890625,113.79240525821393
0,0,0,0,0.2
0.0,0.0,0.0,0.0,10.197999999999999
0.0,0.0,0.0,0.0,20.09602
0.0,0.0095,0.0,0.0,29.8950598
0.0,0.009025,0.0,0.0095,39.596109202
0,0,0,0,0.2
0.0,0.0,0.0,0.0,10.197999999999999
0.0,0.0,0.0,0.0,20.09602
0.0,0.0,0.0,0.0,29.8950598
0.0,0.0,0.0,0.0,39.596109202
0.0,0.0,0.0,0.0,49.20014810998
0.0,0.0,0.0,0.0,58.7081466288802
0.0,0.0,0.0,0.0,68.12106516259139
0.0,0.0,0.0,0.0,77.43985451096547
0.0,0.0,0.0,0.0095,86.66545596585581
0.0,0.0,0.0,0.009025,95.79880140619726
0.0,0.0,0.0,0.00857375,104.84081339213529
0.0,0.0,0.0,0.0081450625,113.79240525821393
0.0,0.0,0.0,0.007737809375,122.6544812056318
0.0,0.0,0.0,0.01685091890625,131.42793639357546
0.0,0.0,0.0,0.016008372960937503,140.1136570296397
0.0,0.0,0.0,0.015207954312890628,148.71252045934332
0.0,0.0,0.0,0.014447556597246097,157.22539525474988
0.0,0.0,0.0,0.013725178767383791,165.65314130220239
0.0,0.0,0.0,0.013038919829014601,173.99660988918038
0.0,0.0,0.0,0.012386973837563871,182.25664379028856
0.0,0.0,0.0,0.021267625145685677,190.43407735238569
0.0,0.0,0.0,0.020204243888401394,198.52973657886184
0.0,0.0095,0.0,0.028694031693981322,206.54443921307322
0.0,0.009025,0.0,0.027259330109282255,214.4789948209425
0.0,0.00857375,0.07763327834270162,0.04305468318949355,221.90524688309117
0.0,0.0176450625,0.6211413680118215,0.17871980340586638,226.24074805486407
0,0,0,0,0.2
0.0,0.0,0.0,0.0095,10.197999999999999
0.0,0.0,0.0,0.009025,20.09602
0.0,0.0,0.0,0.00857375,29.8950598
0.0,0.0095,0.0,0.0081450625,39.596109202
0.0,0.009025,0.0,0.007737809375,49.20014810998
0.0,0.00857375,0.0,0.00735091890625,58.7081466288802
0.0,0.0081450625,0.0,0.0259833729609375,68.12106516259139
0.0,0.007737809375,0.0,0.024684204312890624,77.43985451096547
0.0,0.00735091890625,0.0,0.023449994097246095,86.66545596585581
0.0,0.0069833729609375,0.0,0.02227749439238379,95.79880140619726
0.0,0.006634204312890625,0.0,0.021163619672764603,104.84081339213529
0.0,0.006302494097246094,0.0,0.020105438689126374,113.79240525821393
0.0,0.005987369392383789,0.04541356968262847,0.028203559175327172,122.42689639511536
0.0,0.0056880009227645995,0.2187871692093259,0.07127212034030089,130.09065895307072
0.0,0.005403600876626369,1.1076977967017756,0.29540585042663137,133.09731896095636
0.0,0.01463342083279505,5.714739439750473,1.4695884135850186,112.28002437935383
0.0,0.013901749791155297,25.676100171514246,6.529317661840472,0
0.0,0.013206662301597533,23.108490154362823,6.202851778748449,10.0
0.0,0.012546329186517656,28.192357988322645,7.7413884021600525,0
0.0,0.011919012727191773,25.37312218949038,7.36381898205205,10.0
0.0,0.011323062090832184,30.955209071178267,9.034977808108678,0
0.0,0.010756908986290574,27.85968816406044,8.583228917703245,10.0
0.0,0.010219063536976046,33.98881956015374,10.38284252494292,0
0.0,0.019208110360127244,30.58993760413837,9.863700398695773,10.0
0.0,0.018247704842120883,37.319723877048816,11.817710387092054,0
0.0,0.017335319600014838,33.58775148934394,11.226824867737452,10.0
0.0,0.025968553620014097,40.97705681699961,13.362003743498095,0
0.0,0.024670125939013392,36.87935113529964,12.693903556323189,10.0
0.0,0.02343661964206272,44.99280838506557,15.009556469331002,0
0.0,0.022264788659959584,40.493527546559015,14.259078645864452,10.0
0.0,0.021151549226961604,49.402103606802,16.79510691729595,0
0.0,0.020093971765613523,44.461893246121804,15.955351571431152,10.0
0.0,0.019089273177332847,54.24350976026861,18.73353545254934,0
0.0,0.018134809518466206,48.81915878424175,17.796858679921872,10.0
0.0,0.017228069042542895,59.55937371677494,20.82204844866512,0
0.0,0.01636666559041575,53.60343634509745,19.780946026231867,10.0
0.0,0.015548332310894962,65.39619234101889,23.08017363252807,0
0.0,0.014770915695350214,58.856573106917,21.935664950901668,10.0
0.0,0.014032369910582702,71.80501919043874,25.547407551909945,0
0.0,0.013330751415053568,64.62451727139486,24.27953717431445,10.0
0.0,0.01266421384430089,78.84191107110175,28.23552169731032,0
0.0,0.012031003152085846,70.95771996399158,26.823745612444803,10.0
0.0,0.011429452994481554,86.56841835606974,31.15917592894189,0
0.0,0.010857980344757476,77.91157652046277,29.601217132494796,10.0
0.0,0.010315081327519602,95.05212335496459,34.35408239750708,0
0.0,0.009799327261143622,85.54691101946813,32.63637827763172,10.0
0.0,0.009309360898086441,104.36723144375111,37.857812245307585,0
0.0,0.00884389285318212,93.930508299376,35.96492163304221,10.0
0.0,0.017901698210523013,114.59522012523873,41.68111621534018,0
0.0,0.01700661329999686,103.13569811271485,39.59706040457317,10.0
0,0,0,0,0.2
0.0,0.0,0.0,0.0,10.197999999999999
0.0,0.0,0.0,0.0,20.09602
0.0,0.0,0.0,0.0,29.8950598
0.0,0.0,0.0,0.0,39.596109202
0.0,0.0,0.0,0.0095,49.20014810998
0.0,0.0,0.0,0.009025,58.7081466288802
0.0,0.0,0.0,0.00857375,68.12106516259139
0.0,0.0,0.0,0.0081450625,77.43985451096547
0.0,0.0,0.0,0.007737809375,86.66545596585581
0.0,0.0,0.0,0.01685091890625,95.79880140619726
0.0,0.0,0.0,0.016008372960937503,104.84081339213529
0.0,0.0,0.0,0.02470795431289063,113.79240525821393
0.0,0.0,0.0,0.0234725565972461,122.6544812056318
0.0,0.0,0.0,0.03179892876738379,131.42793639357546
0.0,0.0,0.0,0.030208982329014603,140.1136570296397
0.0,0.0,0.0,0.02869853321256387,148.71252045934332
0.0,0.0,0.0,0.027263606551935677,157.22539525474988
0.0,0.0,0.0,0.025900426224338892,165.65314130220239
0.0,0.0,0.0,0.03410540491312195,173.99660988918038
0.0,0.0,0.0,0.03240013466746586,182.25664379028856
0.0,0.0,0.0,0.030780127934092565,190.43407735238569
0.0,0.0,0.0,0.029241121537387935,198.52973657886184
0.0,0.0,0.0,0.03727906546051854,206.54443921307322
0.0,0.0,0.0,0.04491511218749261,214.4789948209425
0.0,0.0,0.0,0.052169356578117984,222.33420487273307
0.0,0.0,0.0,0.05906088874921209,230.11086282400575
0.0,0.0,0.0,0.05610784431175148,237.8097541957657
0.0,0.0,0.0,0.05330245209616391,245.43165665380803
0.0,0.0,0.0,0.050637329491355715,252.97734008726997
0.0,0.0,0.0,0.048105463016787926,260.4475666863973
0.0,0.0,0.0,0.04570018986594853,267.84309101953335
0.0,0.0,0.0,0.0434151803726511,275.164660109338
0.0,0.0,0.0,0.04124442135401855,282.4130135082446
0.0,0.0,0.0,0.03918220028631762,289.58888337316216
0.0,0.0,0.0,0.03722309027200174,296.6929945394305
0.0,0.0,0.0,0.03536193575840165,303.7260645940362
0.0,0.0,0.0,0.03359383897048157,310.6888039480958
0.0,0.0,0.0,0.031914147021957495,317.58191590861486
0.0,0.0,0.0,0.03981843967085962,324.40609674952873
0.0,0.0,0.0,0.03782751768731664,331.16203578203346
0.0,0.0,0.0,0.03593614180295081,337.8504154242131
0.0,0.0,0.0,0.04363933471280327,344.471911269971
0.0,0.0,0.0,0.04145736797716311,351.02719215727126
0.0,0.0,0.0,0.039384499578304956,357.51692023569854
0.0,0.0,0.0,0.04691527459938971,363.9417510333416
0.0,0.0,0.0,0.054069510869420224,370.30233352300814
0.0,0.0,0.0,0.051366035325949216,376.5993101877781
0.0,0.0,0.12951177926008903,0.07892567837467401,382.0801184655248
0.0,0.0,1.700044632130103,0.47085040215494606,378.3625420883944
0.0,0.0,22.113502846564295,5.602673551459,255.93227493221542
0.0,0.0,201.00804344962702,50.599012595815836,0
0.0,0.0,180.9072391046643,48.07856196602504,10.0
0.0,0.0,220.70683170769047,60.156712996096935,0
0.0,0.0,198.6361485369214,57.14887734629209,10.0
0.0,0.0,242.33610121504415,70.1823253619312,0
0.0,0.0,218.10249109353973,66.67320909383464,10.0
0.0,0.0,266.08503913411846,80.7877479266261,0
0.0,0.0,239.4765352207066,76.74836053029479,10.0
0.0,0.0,292.16137296926206,92.06906532143658,0
0.0,0.0,262.94523567233585,87.46561205536476,10.0
0.0,0.0,320.7931875202498,104.1374503063834,0
0.0,0.0,288.7138687682248,98.93057779106422,10.0
0.0,0.0,352.2309198972343,117.08115840296901,0
0.0,0.0,317.0078279075109,111.22710048282056,10.0
0.0,0.0,386.7495500471633,131.02637169128042,0
0.0,0.0,348.07459504244696,124.4750531067164,10.0
0.0,0.0,424.65100595178535,146.11626805477636,0
0.0,0.0,382.1859053566068,138.81995465203752,10.0
0.0,0.0,466.2668045350603,162.4633293479642,0
0.0,0.0,419.6401240815543,154.34016288056597,10.0
0.0,0.0,511.96095137949624,180.203864663062,0
0.0,0.0,460.7738562415466,171.2031714299089,10.0
0.0,0.0,562.1441046146869,199.5049213577372,0
0.0,0.0,505.9296941532182,189.52967528985033,10.0
0.0,0.0,617.2342268669262,220.52756705761527,0
0.0,0.0,555.5108041802335,209.5106887047345,10.0
0.0,0.0,677.723181099885,243.47601860391646,0
0.0,0.0,609.9508629898965,231.30221767372063,10.0
0.0,0.0,744.1400528476737,268.5331758292263,0
0.0,0.0,669.7260475629064,255.106517037765,10.0
0.0,0.0,817.0657780267459,295.9387749909093,0
0.0,0.0,735.3592002240713,281.1418362413638,10.0
0.0,0.0,897.1382242733671,325.91348044722133,0
0.0,0.0,807.4244018460304,309.61780642486025,10.0
0.0,0.0,985.0577702521571,358.7308682512997,0
0.0,0.0,886.5519932269414,340.7943248387347,10.0
0.0,0.0,1081.5934317368685,394.6787680549533,0
0.0,0.0,973.4340885631816,374.9543296522056,10.0
0.0,0.0,1187.5895880470816,434.0813402546499,0
0.0,0.0,1068.8306292423736,412.3772732419174,10.0
0.0,0.0,1303.973367675696,477.2743599192114,0
0.0,0.0,1173.5760309081263,453.4296419232508,10.0
0.0,0.0,1431.7627577079143,524.6442422997384,0
0.0,0.0,1288.586481937123,498.4120301847515,10.0
0.0,0.0,1572.07550796329,576.5783472304838,0
0.0,0.0,1414.8679571669609,547.7494298689596,10.0
0.0,0.0,1726.1389077436925,633.5608949488685,0
0.0,0.0,1553.5250169693231,601.9018502014251,10.0
0.0,0.0,1895.3005207025744,696.0982590488996,0
0.0,0.0,1705.770468632317,661.2933460964547,10.0
0.0,0.0,2081.0399717314267,764.6903162822173,0
0.0,0.0,1872.935974558284,726.4653004681064,10.0
0.0,0.0,2284.9818889611065,839.9769134093639,0
0.0,0.0,2056.483700064996,797.9875677388957,10.0
0.0,0.0,2508.910114079295,922.6163853571506,0
0.0,0.0,2258.0191026713655,876.4950660892931,10.0
0.0,0.0,2754.7833052590663,1013.3118409985377,0
0.0,0.0,2479.3049747331597,962.6462489486108,10.0
0.0,0.0,3024.752069174455,1112.858334479833,0
0.0,0.0,2722.2768622570093,1057.2344177558414,10.0
0.0,0.0,3321.1777719535517,1222.1548458486102,0
0.0,0.0,2989.0599947581964,1161.0471035561798,10.0
0.0,0.0,3646.6531936049996,1342.1195479590265,0
0.0,0.0,3281.9878742445,1275.0230705610752,10.0
0.0,0.0,4004.0252065782897,1473.8309469725814,0
0.0,0.0,3603.6226859204608,1400.1393996239524,10.0
0.0,0.0,4396.419676822962,1618.4317445163915,0
0.0,0.0,3956.777709140666,1537.519657290572,10.0
0.0,0.0,4827.2688051516125,1777.1858911572967,0
0.0,0.0,4344.541924636451,1688.326596599432,10.0
0.0,0.0,5300.34114805647,1951.4736207403764,0
0.0,0.0,4770.307033250823,1853.8999397033576,10.0
0.0,0.0,5819.774580566005,2142.829505378256,0
0.0,0.0,5237.797122509404,2035.6880301093431,10.0
0,0,0,0,0.2
0.0,0.0,0.0,0.0095,10.197999999999999
0.0,0.0,0.0,0.018525,20.09602
0,0,0,0,0.2
0.0,0.0,0.0,0.0,10.197999999999999
0.0,0.0,0.0,0.0,20.09602
0.0,0.0,0.0,0.0095,29.8950598
0.0,0.0,0.0,0.018525,39.596109202
0.0,0.0,0.0,0.01759875,49.20014810998
0.0,0.0,0.0,0.026218812499999997,58.7081466288802
0.0,0.0,0.0,0.024907871874999998,68.12106516259139
0.0,0.0,0.0,0.023662478281249996,77.43985451096547
0.0,0.0,0.0,0.022479354367187496,86.66545596585581
0.0,0.0,0.0,0.04035538664882812,95.79880140619726
0.0,0.0,0.0,0.03833761731638672,104.84081339213529
0.0,0.0,0.0,0.036420736450567384,113.79240525821393
0.0,0.0,0.0,0.044099699628039016,122.6544812056318
0.0,0.0,0.0,0.04189471464663706,131.42793639357546
0.0,0.0,0.0,0.03979997891430521,140.1136570296397
0.0,0.0,0.0,0.037809979968589945,148.71252045934332
0.0,0.0,0.0,0.04541948097016045,157.22539525474988
0.0,0.0,0.0,0.05264850692165243,165.65314130220239
0.0,0.0,0.0,0.05001608157556981,173.99660988918038
0.0,0.0,0.0,0.04751527749679132,182.25664379028856
0.0,0.0,0.0,0.04513951362195175,190.43407735238569
0.0,0.0,0.0,0.042882537940854164,198.52973657886184
0.0,0.0,0.0,0.04073841104381146,206.54443921307322
0.0,0.0,0.0,0.03870149049162088,214.4789948209425
0.0,0.0,0.0,0.04626641596703984,222.33420487273307
0.0,0.0,0.0,0.04395309516868785,230.11086282400575
0.0,0.0,0.0,0.05125544041025346,237.8097541957657
0.0,0.0,0.0,0.04869266838974079,245.43165665380803
0.0,0.0,0.0,0.05575803497025375,252.97734008726997
0.0,0.0,0.0,0.052970133221741066,260.4475666863973
0.0,0.0,0.0,0.05032162656065401,267.84309101953335
0.0,0.0,0.0,0.0668055452326213,275.164660109338
0.0,0.0,0.0,0.06346526797099024,282.4130135082446
0.0,0.0,0.0,0.06029200457244073,289.58888337316216
0.0,0.0,0.0,0.0667774043438187,296.6929945394305
0.0,0.0,0.0,0.07293853412662775,303.7260645940362
0.0,0.0,0.0,0.06929160742029636,310.6888039480958
0.0,0.0,0.0,0.06582702704928153,317.58191590861486
0.0,0.0,0.0,0.06253567569681745,324.40609674952873
0.0,0.0,0.0,0.059408891911976576,331.16203578203346
0.0,0.0,0.0,0.056438447316377746,337.8504154242131
0.0,0.0,0.0,0.05361652495055886,344.471911269971
0.0,0.0,0.0,0.05093569870303091,351.02719215727126
0.0,0.0,0.0,0.04838891376787937,357.51692023569854
0.0,0.0,0.0,0.045969468079485404,363.9417510333416
0,0,0,0,0.2
0.0,0.0,0.0,0.0,10.197999999999999
0.0,0.0,0.0,0.0,20.09602
0.0,0.0,0.0,0.0,29.8950598
0.0,0.0,0.0,0.0,39.596109202
0.0,0.0,0.0,0.0095,49.20014810998
0.0,0.0,0.0,0.018525,58.7081466288802
0.0,0.0,0.0,0.01759875,68.12106516259139
0.0,0.0,0.0,0.0167188125,77.43985451096547
0.0,0.0,0.0,0.025382871875,86.66545596585581
0.0,0.0,0.0,0.02411372828125,95.79880140619726
0.0,0.0,0.0,0.0229080418671875,104.84081339213529
0.0,0.0,0.0,0.03126263977382813,113.79240525821393
0.0,0.0,0.0,0.03919950778513672,122.6544812056318
0.0,0.0,0.0,0.03723953239587988,131.42793639357546
0.0,0.0,0.0,0.03537755577608589,140.1136570296397
0.0,0.0,0.0,0.03360867798728159,148.71252045934332
0.0,0.0,0.0,0.031928244087917515,157.22539525474988
0.0,0.0,0.0,0.049331831883521644,165.65314130220239
0.0,0.0,0.0,0.056365240289345565,173.99660988918038
0.0,0.0,0.0,0.06304697827487829,182.25664379028856
0.0,0.0,0.0,0.05989462936113438,190.43407735238569
0.0,0.0,0.0,0.05689989789307766,198.52973657886184
0.0,0.0,0.0,0.06355490299842377,206.54443921307322
0.0,0.0,0.0,0.06037715784850258,214.4789948209425
0.0,0.0,0.0,0.057358299956077455,222.33420487273307
0.0,0.0,0.0,0.05449038495827358,230.11086282400575
0.0,0.0,0.0,0.051765865710359904,237.8097541957657
0.0,0.0,0.0,0.04917757242484191,245.43165665380803
0.0,0.0,0.0,0.04671869380359981,252.97734008726997
0,0,0,0,0.2
0.0,0.0,0.0,0.0,10.197999999999999
0.0,0.0,0.0,0.0,20.09602
0.0,0.0,0.0,0.0095,29.8950598
0.0,0.0,0.0,0.009025,39.596109202
0.0,0.0,0.0,0.00857375,49.20014810998
0.0,0.0,0.0,0.0176450625,58.7081466288802
0.0,0.0,0.0,0.016762809375,68.12106516259139
0.0,0.0,0.0,0.01592466890625,77.43985451096547
0.0,0.0,0.0,0.024628435460937504,86.66545596585581
0.0,0.0,0.0,0.023397013687890628,95.79880140619726
0.0,0.0,0.0,0.022227163003496097,104.84081339213529
0.0,0.0,0.0,0.02111580485332129,113.79240525821393
0.0,0.0,0.0,0.020060014610655225,122.6544812056318
0.0,0.0,0.0,0.028557013880122464,131.42793639357546
0.0,0.0,0.0,0.02712916318611634,140.1136570296397
0.0,0.0,0.0,0.03527270502681052,148.71252045934332
0.0,0.0,0.0,0.033509069775469996,157.22539525474988
0.0,0.0,0.0,0.031833616286696495,165.65314130220239
0.0,0.0,0.06200900521670478,0.043494186776537866,173.66530360657595
0.0,0.0,0.40041011164865953,0.1274699791761173,179.77488802705003
0.0,0.0,2.663846956052958,0.6969659441096026,173.58040254947224
0,0,0,0,0.2
0,0,0,0,0.2
0.0,0.0,0.0,0.0095,10.197999999999999
0.0,0.0,0.0,0.009025,20.09602
0.0,0.0,0.0,0.00857375,29.8950598
0.0,0.0,0.0,0.0176450625,39.596109202
0,0,0,0,0.2
0.0,0.0,0.0,0.0,10.197999999999999
0.0,0.0,0.0,0.0,20.09602
0.0,0.0,0.0,0.0,29.8950598
0.0,0.0,0.0,0.0,39.596109202
0.0,0.0,0.0,0.0,49.20014810998
0.0,0.0,0.0,0.0,58.7081466288802
0.0,0.0,0.0,0.0095,68.12106516259139
0.0,0.0,0.0,0.009025,77.43985451096547
0.0,0.0,0.0,0.00857375,86.66545596585581
0.0,0.0,0.0,0.0081450625,95.79880140619726
0.0,0.0,0.0,0.007737809375,104.84081339213529
0.0,0.0,0.0,0.00735091890625,113.79240525821393
0,0,0,0,0.2
0.0,0.0,0.0,0.0,10.197999999999999
0.0,0.0,0.0,0.0,20.09602
0.0,0.0,0.0,0.0,29.8950598
0.0,0.0,0.0,0.0,39.596109202
0.0,0.0,0.0,0.0095,49.20014810998
0.0,0.0,0.0,0.009025,58.7081466288802
0.0,0.0,0.0,0.00857375,68.12106516259139
0.0,0.0,0.0,0.0081450625,77.43985451096547
0.0,0.0,0.0,0.007737809375,86.66545596585581
0.0,0.0,0.0,0.01685091890625,95.79880140619726
0.0,0.0,0.0,0.016008372960937503,104.84081339213529
0.0,0.0,0.0,0.02470795431289063,113.79240525821393
0.0,0.0,0.0,0.0234725565972461,122.6544812056318
0.0,0.0,0.0,0.03179892876738379,131.42793639357546
0.0,0.0,0.0,0.039708982329014604,140.1136570296397
0.0,0.0,0.0,0.03772353321256387,148.71252045934332
0.0,0.0,0.0,0.03583735655193568,157.22539525474988
0.0,0.0,0.0,0.03404548872433889,165.65314130220239
0.0,0.0,0.0,0.03234321428812195,173.99660988918038
0.0,0.0,0.0,0.030726053573715856,182.25664379028856
0.0,0.0,0.0,0.029189750895030064,190.43407735238569
0.0,0.0,0.0,0.03723026335027856,198.52973657886184
0.0,0.0,0.0725295157052358,0.05125112910907359,206.1473797399155
0,0,0,0,0.2
0.0,0.0,0.0,0.0,10.197999999999999
0.0,0.0,0.0,0.0,20.09602
0.0,0.0,0.0,0.0,29.8950598
0.0,0.0,0.0,0.0,39.596109202
0,0,0,0,0.2
0.0,0.0,0.0,0.0,10.197999999999999
0.0,0.0,0.0,0.0,20.09602
0.0,0.0,0.0,0.0095,29.8950598
0.0,0.0,0.0,0.009025,39.596109202
0.0,0.0,0.0,0.01807375,49.20014810998
0.0,0.0,0.0,0.0171700625,58.7081466288802
0.0,0.0,0.0,0.025811559375,68.12106516259139
0.0,0.0,0.0,0.02452098140625,77.43985451096547
0.0,0.0,0.0,0.0232949323359375,86.66545596585581
0.0,0.0,0.0,0.022130185719140626,95.79880140619726
0.0,0.0,0.0,0.021023676433183595,104.84081339213529
0.0,0.0,0.0,0.029472492611524414,113.79240525821393
0.0,0.0,0.0,0.027998867980948194,122.6544812056318
0.0,0.0,0.0,0.03609892458190079,131.42793639357546
0.0,0.0,0.0,0.03429397835280575,140.1136570296397
0.0,0.0,0.0,0.04207927943516547,148.71252045934332
0.0,0.0,0.0,0.0399753154634072,157.22539525474988
0.0,0.0,0.0,0.03797654969023684,165.65314130220239
0.0,0.0,0.0,0.036077722205725,173.99660988918038
0.0,0.0,0.0,0.04377383609543875,182.25664379028856
0.0,0.0,0.0,0.041585144290666815,190.43407735238569
0.0,0.0,0.0,0.03950588707613347,198.52973657886184
0.0,0.0,0.0,0.0375305927223268,206.54443921307322
0.0,0.0,0.0,0.035654063086210455,214.4789948209425
0.0,0.0,0.0,0.033871359931899936,222.33420487273307
0.0,0.0,0.0,0.04167779193530494,230.11086282400575
0.0,0.0,0.0,0.0490939023385397,237.8097541957657
0.0,0.0,0.0,0.046639207221612716,245.43165665380803
0.0,0.0,0.0,0.04430724686053208,252.97734008726997
0,0,0,0,0.2
0.0,0.0,0.0,0.0,10.197999999999999
0.0,0.0,0.0,0.0,20.09602
0.0,0.0,0.015430726400000002,0.0016076816000000005,29.854867759999998
0.0,0.0,0.028629487235607716,0.005212755888901929,39.46418262317745
0.0,0.0,0.06192139651761337,0.01399083259584844,48.843572934410886
0.0,0.0,0.15251204877012806,0.046986988942125024,57.75024475566505
0.0,0.0,0.4191043045223256,0.11509850465232135,65.41122067917584
0.0,0.0,1.2544458468925686,0.32865657262532416,69.27428364224362
0.0,0.0,3.9098280593703616,1.0074304432858205,61.20137332352712
0.0,0.0,11.176024347587793,2.8713536946601463,22.73199025182644
0.0,0.0,18.188126761582318,4.760212222115465,0
0.0,0.0,16.369314085424087,4.522201611009692,10.0
0.0,0.0,19.970563184217387,5.615136657293134,0
0.0,0.0,17.97350686579565,5.334379824428478,10.0
0.0,0.0,21.92767837627069,6.505541382470706,0
0.0,0.0,19.73491053864362,6.180264313347171,10.0
0.0,0.0,24.07659085714522,7.450043940771302,0
0.0,0.0,21.6689317714307,7.096541743732736,10.0
0.0,0.0,26.436096761145457,8.475229198260555,0
0.0,0.0,23.79248708503091,8.060967738347527,10.0
0.0,0.0,29.02683424373771,9.561318318232624,0
0.0,0.0,26.12415081936394,9.083252402320992,10.0
0.0,0.0,31.87146399962401,10.719021847754059,0
0.0,0.0,28.684317599661608,10.183070755366355,10.0
0.0,0.0,34.99486747158716,11.987662625570966,0
0.0,0.0,31.495380724428447,11.388279494292417,10.0
0.0,0.0,38.424364483802705,13.338495977532073,0
0.0,0.0,34.581928035422436,12.67157117865547,10.0
0.0,0.0,42.18995220321538,14.804546862556492,0
0.0,0.0,37.97095698289384,14.064319519428668,10.0
0.0,0.0,46.32456751913048,16.398780102088743,0
0.0,0.0,41.692110767217436,15.578841096984306,10.0
0.0,0.0,50.86437513600528,18.144767903512484,0
0.0,0.0,45.77793762240475,17.23752950833686,10.0
0.0,0.0,55.8490838993338,20.037888042712396,0
0.0,0.0,50.26417550940042,19.035993640576777,10.0
0.0,0.0,61.32229412146851,22.114827999299973,0
0.0,0.0,55.19006470932166,21.009086599334974,10.0
0.0,0.0,67.33187894537244,24.37383744611396,0
0.0,0.0,60.59869105083519,23.155145573808262,10.0
0.0,0.0,73.93040308201894,26.845283579184667,0
0.0,0.0,66.53736277381705,25.503019400225433,10.0
0.0,0.0,81.17558258405681,29.550857452119526,0
0.0,0.0,73.05802432565113,28.07331457951355,10.0
0.0,0.0,89.13078967729439,32.51429079658996,0
0.0,0.0,80.21771070956495,30.888576256760462,10.0
0.0,0.0,97.86560706566925,35.76156430068764,0
0.0,0.0,88.07904635910232,33.973486085653256,10.0
0.0,0.0,107.45643655810484,39.32113549009878,0
0.0,0.0,96.71079290229436,37.35507871559384,10.0
0.0,0.0,117.98716734079912,43.233688211997695,0
0.0,0.0,106.1884506067192,41.07200380139781,10.0
0.0,0.0,129.54990974019745,47.51347965986546,0
0,0,0,0,0.2
0.0,0.0,0.0,0.0,10.197999999999999
0.0,0.0,0.0,0.0095,20.09602
0.0,0.0,0.0,0.009025,29.8950598
0.0,0.0,0.0,0.01807375,39.596109202
0.0,0.0,0.0,0.0266700625,49.20014810998
0.0,0.0,0.0,0.025336559375,58.7081466288802
0.0,0.0,0.0,0.024069731406250003,68.12106516259139
0.0,0.0,0.0,0.0323662448359375,77.43985451096547
0.0,0.0,0.0,0.030747932594140628,86.66545596585581
0.0,0.0,0.0,0.03871053596443359,95.79880140619726
0.0,0.0,0.0,0.03677500916621192,104.84081339213529
0.0,0.0,0.0,0.03493625870790132,113.79240525821393
0.0,0.0,0.0,0.03318944577250625,122.6544812056318
0,0,0,0,0.2
0.0,0.0,0.0,0.0,10.197999999999999
0.0,0.0,0.0,0.0,20.09602
0.0,0.0,0.0,0.0,29.8950598
0.0,0.0,0.0,0.0,39.596109202
0.0,0.0,0.0,0.0095,49.20014810998
0.0,0.0,0.0,0.009025,58.7081466288802
0.0,0.0,0.0,0.00857375,68.12106516259139
0.0,0.0,0.0,0.0081450625,77.43985451096547
0.0,0.0,0.0,0.017237809375,86.66545596585581
0.0,0.0,0.0,0.025875918906249996,95.79880140619726
0.0,0.0,0.0,0.034082122960937496,104.84081339213529
0.0,0.0,0.0,0.03237801681289062,113.79240525821393
0.0,0.0,0.0,0.030759115972246086,122.6544812056318
0.0,0.0,0.0,0.02922116017363378,131.42793639357546
0,0,0,0,0.2
0.0,0.0,0.0,0.019,10.197999999999999
0.0,0.0,0.0,0.01805,20.09602
0.0,0.0,0.0,0.026647499999999998,29.8950598
0.0,0.0,0.0,0.025315124999999997,39.596109202
0.0,0.0,0.0,0.024049368749999998,49.20014810998
0.0,0.0,0.0,0.022846900312499998,58.7081466288802
0,0,0,0,0.2
0.0,0.0,0.0,0.0,10.197999999999999
0.0,0.0,0.0,0.0095,20.09602
0.0,0.0,0.0,0.009025,29.8950598
0.0,0.0,0.0,0.01807375,39.596109202
0.0,0.0,0.0,0.0171700625,49.20014810998
0.0,0.0,0.0,0.016311559375,58.7081466288802
0.0,0.0,0.0,0.024995981406250003,68.12106516259139
0.0,0.0,0.0,0.0237461823359375,77.43985451096547
0.0,0.0,0.0,0.032058873219140624,86.66545596585581
0.0,0.0,0.0,0.0399559295581836,95.79880140619726
0,0,0,0,0.2
0.0,0.0,0.0,0.0,10.197999999999999
0.0,0.0,0.0,0.0,20.09602
0.0,0.0,0.0,0.0,29.8950598
0.0,0.0,0.0,0.0095,39.596109202
0.0,0.0,0.0,0.009025,49.20014810998
0.0,0.0,0.0,0.00857375,58.7081466288802
0.0,0.0,0.0,0.0081450625,68.12106516259139
0.0,0.0,0.0,0.007737809375,77.43985451096547
0.0,0.0,0.0,0.00735091890625,86.66545596585581
0.0,0.0,0.0,0.0069833729609375,95.79880140619726
0.0,0.0,0.0,0.006634204312890625,104.84081339213529
0.0,0.0,0.0,0.006302494097246094,113.79240525821393
0.0,0.0,0.0,0.005987369392383789,122.6544812056318
0.0,0.0,0.0,0.0056880009227645995,131.42793639357546
0.0,0.0,0.0,0.005403600876626369,140.1136570296397
0.0,0.0,0.0,0.0051334208327950505,148.71252045934332
0.0,0.0,0.0,0.004876749791155298,157.22539525474988
0.0,0.0,0.0,0.004632912301597533,165.65314130220239
0.0,0.0,0.0,0.004401266686517656,173.99660988918038
0.0,0.0,0.0,0.004181203352191774,182.25664379028856
0.0,0.0,0.0,0.003972143184582185,190.43407735238569
0.0,0.0,0.0,0.013273536025353076,198.52973657886184
0.0,0.0,0.0,0.022109859224085423,206.54443921307322
0.0,0.0,0.0,0.02100436626288115,214.4789948209425
0.0,0.0,0.0,0.019954147949737093,222.33420487273307
0.0,0.0,0.0,0.018956440552250237,230.11086282400575
0.0,0.0,0.0,0.018008618524637726,237.8097541957657
0.0,0.0,0.0,0.036108187598405846,245.43165665380803
0.0,0.0,0.0,0.034302778218485555,252.97734008726997
0.0,0.0,0.0,0.03258763930756128,260.4475666863973
0.0,0.0,0.0,0.030958257342183212,267.84309101953335
0.0,0.0,0.0,0.03891034447507405,275.164660109338
0.0,0.0,0.0,0.036964827251320345,282.4130135082446
0.0,0.0,0.0,0.04461658588875433,289.58888337316216
0.0,0.0,0.0,0.04238575659431661,296.6929945394305
0.0,0.0,0.0,0.040266468764600785,303.7260645940362
0.0,0.0,0.0,0.038253145326370745,310.6888039480958
0,0,0,0,0.2
0.0,0.0,0.0,0.0,10.197999999999999
0,0,0,0,0.2
0.0,0.0,0.0,0.0,10.197999999999999
0.0,0.0,0.0,0.0095,20.09602
0.0,0.0,0.0,0.009025,29.8950598
0.0,0.0,0.0,0.00857375,39.596109202
0.0,0.0,0.0,0.0081450625,49.20014810998
0.0,0.0,0.0,0.017237809375,58.7081466288802
0.0,0.0,0.0,0.01637591890625,68.12106516259139
0.0,0.0,0.0,0.0155571229609375,77.43985451096547
0.0,0.0,0.0,0.014779266812890624,86.66545596585581
0.0,0.0,0.0,0.014040303472246093,95.79880140619726
0.0,0.0,0.0,0.013338288298633788,104.84081339213529
0.0,0.0,0.0,0.012671373883702099,113.79240525821393
0.0,0.0,0.0,0.012037805189516994,122.6544812056318
0.0,0.0,0.0,0.011435914930041145,131.42793639357546
0.0,0.0,0.0,0.010864119183539087,140.1136570296397
0.0,0.0,0.0,0.010320913224362132,148.71252045934332
0.0,0.0,0.0,0.009804867563144026,157.22539525474988
0.0,0.0,0.0,0.009314624184986825,165.65314130220239
0.0,0.0,0.0,0.018348892975737486,173.99660988918038
0.0,0.0,0.0,0.03643144832695061,182.25664379028856
0.0,0.0,0.0,0.03460987591060308,190.43407735238569
0.0,0.0,0.0,0.03287938211507292,198.52973657886184
0.0,0.0,0.0,0.04073541300931928,206.54443921307322
0.0,0.0,0.0,0.038698642358853313,214.4789948209425
0.0,0.0,0.0,0.03676371024091065,222.33420487273307
0.0,0.0,0.0,0.03492552472886512,230.11086282400575
0.0,0.0,0.0,0.03317924849242186,237.8097541957657
0.0,0.0,0.0,0.031520286067800767,245.43165665380803
0.0,0.0,0.0,0.029944271764410727,252.97734008726997
0,0,0,0,0.2
0.0,0.0,0.0,0.0,10.197999999999999
0.0,0.0,0.0,0.0,20.09602
0.0,0.0,0.0,0.0,29.8950598
0.0,0.0,0.0,0.0,39.596109202
0.0,0.0,0.0,0.0,49.20014810998
